"","1year forecast","2year forecast"
"MLonly1",0.433060388514711,0.521608734070851
"MLman1",0.489127810973508,0.544382131838638
"error_MLonly1",0.523399506961094,0.529615806017726
"error_MLman1",0.536244103459063,0.551600313150796
